time,plant_time,heater_on,fan_on,lower_bound,upper_bound,t_heater,ubound_h,lbound_h
1731091205716047000,1731091205676798064,False,True,36.5,37.75,49.89424492618579,49.47162570463511,49.16947570288085
1731091208788953000,1731091208687049519,False,True,36.5,37.75,49.760505160036715,49.47162570463511,49.16947570288085
1731091211759339000,1731091211676920079,False,True,36.5,37.75,49.63168575538384,49.47162570463511,49.16947570288085
1731091214725127000,1731091214686925131,False,True,36.5,37.75,49.50405836439113,49.47162570463511,49.16947570288085
1731091217695638000,1731091217676773532,False,True,36.5,37.75,49.374138851749976,49.47162570463511,49.16947570288085
1731091220767519000,1731091220676878460,False,True,36.5,37.75,49.242865689363946,49.47162570463511,49.16947570288085
1731091223828771000,1731091223716952380,True,True,36.5,37.75,49.11105013448848,49.47162570463511,49.16947570288085
1731091226903465000,1731091226716861608,True,True,36.5,37.75,48.979390838118775,49.47162570463511,49.16947570288085
1731091229777502000,1731091229676699564,False,True,36.5,37.75,50.02422785309136,49.47162570463511,49.16947570288085
1731091232683064000,1731091232676877640,False,True,36.5,37.75,51.04762916501715,49.47162570463511,49.16947570288085
1731091235717958000,1731091235676740307,False,True,36.5,37.75,50.876079487292905,49.47162570463511,49.16947570288085
1731091238790554000,1731091238676894792,False,True,36.5,37.75,50.70214635591831,49.47162570463511,49.16947570288085
1731091241761723000,1731091241727007046,False,True,36.5,37.75,50.53108977032233,49.47162570463511,49.16947570288085
1731091244683102000,1731091244676863234,False,True,36.5,37.75,50.35531351843312,49.47162570463511,49.16947570288085
1731091247723326000,1731091247716854469,False,True,36.5,37.75,50.184227782154494,49.47162570463511,49.16947570288085
1731091250771206000,1731091250716891784,False,True,36.5,37.75,50.018261078808074,49.47162570463511,49.16947570288085
1731091253842841000,1731091253796922949,False,True,36.5,37.75,49.85359457692587,49.47162570463511,49.16947570288085
1731091256915242000,1731091256716796673,False,True,36.5,37.75,49.690818392720885,49.47162570463511,49.16947570288085
1731091259884067000,1731091259716977333,False,True,36.5,37.75,49.53446539128655,49.47162570463511,49.16947570288085
1731091262853786000,1731091262836875548,False,True,36.5,37.75,49.37652429942026,49.47162570463511,49.16947570288085
1731091265828028000,1731091265717017841,False,True,36.5,37.75,49.21773984847948,49.47162570463511,49.16947570288085
1731091268722813000,1731091268716970083,True,True,36.5,37.75,49.0627873539007,49.47162570463511,49.16947570288085
1731091271863800000,1731091271757054571,True,True,36.5,37.75,48.907765436886876,49.47162570463511,49.16947570288085
1731091274785259000,1731091274716727613,False,True,36.5,37.75,49.928959988689044,49.47162570463511,49.16947570288085
1731091278111468000,1731091277716799825,False,True,36.5,37.75,50.932478702834295,49.47162570463511,49.16947570288085
1731091280773656000,1731091280717015910,False,True,36.5,37.75,50.74031405835488,49.47162570463511,49.16947570288085
1731091283844234000,1731091283727713735,False,True,36.5,37.75,50.553149898495334,49.47162570463511,49.16947570288085
1731091286821029000,1731091286716989753,False,True,36.5,37.75,50.36729386284327,49.47162570463511,49.16947570288085
1731091289721688000,1731091289716932476,False,True,36.5,37.75,50.18343176009017,49.47162570463511,49.16947570288085
1731091292756105000,1731091292716658124,False,True,36.5,37.75,50.00214518222133,49.47162570463511,49.16947570288085
1731091295734115000,1731091295716820407,False,True,36.5,37.75,49.82392325043964,49.47162570463511,49.16947570288085
1731091298734335000,1731091298717088964,False,True,36.5,37.75,49.64917315507698,49.47162570463511,49.16947570288085
1731091301761438000,1731091301756966362,False,True,36.5,37.75,49.48647838185819,49.51788424412764,49.216387584297415
1731091304805328000,1731091304716919017,False,True,36.5,37.75,49.31900243910554,49.47162570463511,49.16947570288085
1731091307806270000,1731091307716904451,True,True,36.5,37.75,49.15586664842847,49.47162570463511,49.16947570288085
1731091310880106000,1731091310797443060,True,True,36.5,37.75,48.997231631702384,49.47162570463511,49.16947570288085
1731091313773954000,1731091313757120251,False,True,36.5,37.75,50.018990272172594,49.47162570463511,49.16947570288085
1731091316818652000,1731091316717497056,False,True,36.5,37.75,51.01877607092863,49.47162570463511,49.16947570288085
1731091319800817000,1731091319797073594,False,True,36.5,37.75,50.82299889670677,49.47162570463511,49.16947570288085
1731091322871740000,1731091322757617136,False,True,36.5,37.75,50.628250254448844,49.47162570463511,49.16947570288085
1731091325830530000,1731091325717136405,False,True,36.5,37.75,50.43931653507297,49.47162570463511,49.16947570288085
1731091328801527000,1731091328756925226,False,True,36.5,37.75,50.25246664535552,49.47162570463511,49.16947570288085
1731091331972358000,1731091331727309726,False,True,36.5,37.75,50.06828305772324,49.47162570463511,49.16947570288085
1731091334736464000,1731091334717000064,False,True,36.5,37.75,49.887255417869845,49.47162570463511,49.16947570288085
1731091337817811000,1731091337726700499,False,True,36.5,37.75,49.71381199702504,49.47162570463511,49.16947570288085
1731091340772048000,1731091340757039350,False,True,36.5,37.75,49.53988504345836,49.47162570463511,49.16947570288085
1731091343852119000,1731091343756658787,False,True,36.5,37.75,49.37015886101605,49.47162570463511,49.16947570288085
1731091346820303000,1731091346756816492,False,True,36.5,37.75,49.20075849334513,49.47162570463511,49.16947570288085
1731091349789352000,1731091349757044181,True,True,36.5,37.75,49.03227613968131,49.47162570463511,49.16947570288085
1731091352866869000,1731091352756973421,True,True,36.5,37.75,48.86917710108125,49.47162570463511,49.16947570288085
1731091355770348000,1731091355757546154,False,True,36.5,37.75,49.88725496353555,49.47162570463511,49.16947570288085
1731091358769880000,1731091358757010496,False,True,36.5,37.75,50.88807540868526,49.47162570463511,49.16947570288085
1731091361873306000,1731091361756883573,False,True,36.5,37.75,50.689498004536595,49.47162570463511,49.16947570288085
1731091364804594000,1731091364756721564,False,True,36.5,37.75,50.49660994926972,49.47162570463511,49.16947570288085
1731091367811042000,1731091367806711324,False,True,36.5,37.75,50.305655443983284,49.47162570463511,49.16947570288085
1731091370772309000,1731091370756938011,False,True,36.5,37.75,50.121478910683635,49.51788424412764,49.216387584297415
1731091373855032000,1731091373756903288,False,True,36.5,37.75,49.93999668764947,49.47162570463511,49.16947570288085
1731091376824489000,1731091376756980830,False,True,36.5,37.75,49.761681863381085,49.47162570463511,49.16947570288085
1731091379895583000,1731091379797176191,False,True,36.5,37.75,49.590947671696476,49.47162570463511,49.16947570288085
1731091382855628000,1731091382757651890,False,True,36.5,37.75,49.423735822413434,49.47162570463511,49.16947570288085
1731091385842314000,1731091385756750491,False,True,36.5,37.75,49.2604759209254,49.51788424412764,49.216387584297415
1731091388907649000,1731091388796958650,True,True,36.5,37.75,49.097225446852725,49.47162570463511,49.16947570288085
1731091391775646000,1731091391756942772,True,True,36.5,37.75,48.93460244901079,49.51788424412764,49.216387584297415
1731091394806907000,1731091394756377540,False,True,36.5,37.75,49.95278618418481,49.47162570463511,49.16947570288085
1731091397816476000,1731091397756940106,False,True,36.5,37.75,50.949445481140515,49.51788424412764,49.216387584297415
1731091400785453000,1731091400756963819,False,True,36.5,37.75,50.755086431205584,49.51788424412764,49.216387584297415
1731091403860654000,1731091403837262597,False,True,36.5,37.75,50.56166077619474,49.47162570463511,49.16947570288085
1731091406827935000,1731091406756871401,False,True,36.5,37.75,50.374162127579254,49.51788424412764,49.216387584297415
1731091409782364000,1731091409757051419,False,True,36.5,37.75,50.188639901392385,49.47162570463511,49.16947570288085
1731091412869575000,1731091412756891935,False,True,36.5,37.75,50.00582217599527,49.51788424412764,49.216387584297415
1731091415844379000,1731091415797030502,False,True,36.5,37.75,49.82210199219262,49.51788424412764,49.216387584297415
1731091418810416000,1731091418756879214,False,True,36.5,37.75,49.64641232478181,49.51788424412764,49.216387584297415
1731091421778610000,1731091421756654798,False,True,36.5,37.75,49.474529822120964,49.51788424412764,49.216387584297415
1731091424831383000,1731091424806886448,False,True,36.5,37.75,49.30671841285009,49.47162570463511,49.16947570288085
1731091427921754000,1731091427836983091,True,True,36.5,37.75,49.143273376949104,49.51788424412764,49.216387584297415
1731091430825399000,1731091430806830822,True,True,36.5,37.75,48.98026836008375,49.51788424412764,49.216387584297415
1731091433862881000,1731091433797812473,False,True,36.5,37.75,50.002132216765155,49.51788424412764,49.216387584297415
1731091436831398000,1731091436797025299,False,True,36.5,37.75,51.00603559564108,49.51788424412764,49.216387584297415
1731091439903079000,1731091439796967521,False,True,36.5,37.75,50.81400574902829,49.51788424412764,49.216387584297415
1731091442812471000,1731091442796735257,False,True,36.5,37.75,50.62266728229955,49.51788424412764,49.216387584297415
1731091445842250000,1731091445796880392,False,True,36.5,37.75,50.43281542090148,49.51788424412764,49.216387584297415
1731091448861874000,1731091448836737200,False,True,36.5,37.75,50.2451287736723,49.51788424412764,49.216387584297415
1731091451885306000,1731091451807035805,False,True,36.5,37.75,50.068222152855896,49.51788424412764,49.216387584297415
1731091454781051000,1731091454766257552,False,True,36.5,37.75,49.88979787189262,49.51788424412764,49.216387584297415
1731091457825307000,1731091457796810740,False,True,36.5,37.75,49.71456565254247,49.47162570463511,49.16947570288085
1731091460785152000,1731091460756929277,False,True,36.5,37.75,49.543037974738795,49.51788424412764,49.216387584297415
1731091463864778000,1731091463796894127,False,True,36.5,37.75,49.37550220528312,49.51788424412764,49.216387584297415
1731091466833328000,1731091466796591909,True,True,36.5,37.75,49.21218749012384,49.51788424412764,49.216387584297415
1731091469821348000,1731091469796925282,True,True,36.5,37.75,49.05313454225366,49.47162570463511,49.16947570288085
1731091472773583000,1731091472756931666,False,True,36.5,37.75,50.070390610815295,49.51788424412764,49.216387584297415
1731091475844947000,1731091475797611752,False,True,36.5,37.75,51.06986695109752,49.47162570463511,49.16947570288085
1731091478918323000,1731091478797517893,False,True,36.5,37.75,50.87760641308801,49.47162570463511,49.16947570288085
1731091481887109000,1731091481796883537,False,True,36.5,37.75,50.68584875850146,49.47162570463511,49.16947570288085
1731091484912209000,1731091484877798587,False,True,36.5,37.75,50.499574269887,49.51788424412764,49.216387584297415
1731091487863037000,1731091487836907373,False,True,36.5,37.75,50.31494937493479,49.47162570463511,49.16947570288085
1731091490848260000,1731091490796734048,False,True,36.5,37.75,50.13260586655622,49.47162570463511,49.16947570288085
1731091493870289000,1731091493797771283,False,True,36.5,37.75,49.96124730484283,49.47162570463511,49.16947570288085
1731091496839519000,1731091496796975172,False,True,36.5,37.75,49.79241907858648,49.47162570463511,49.16947570288085
1731091499905992000,1731091499806992928,False,True,36.5,37.75,49.62655796252539,49.47162570463511,49.16947570288085
1731091502983374000,1731091502916871643,False,True,36.5,37.75,49.464026671006756,49.47162570463511,49.16947570288085
1731091505833924000,1731091505816856724,False,True,36.5,37.75,49.30512238583193,49.47162570463511,49.16947570288085
1731091508919387000,1731091508837114057,True,True,36.5,37.75,49.1459996459918,49.47162570463511,49.16947570288085
1731091511890036000,1731091511837295390,True,True,36.5,37.75,48.99129768115478,49.47162570463511,49.16947570288085
1731091514869885000,1731091514846322195,False,True,36.5,37.75,50.01281955472633,49.47162570463511,49.16947570288085
1731091517828168000,1731091517796912108,False,True,36.5,37.75,51.016666994185506,49.47162570463511,49.16947570288085
1731091520899885000,1731091520836851397,False,True,36.5,37.75,50.82482804301978,49.47162570463511,49.16947570288085
1731091523844862000,1731091523796826695,False,True,36.5,37.75,50.633892360366005,49.47162570463511,49.16947570288085
1731091526839470000,1731091526796736852,False,True,36.5,37.75,50.44870882754032,49.47162570463511,49.16947570288085
1731091529911437000,1731091529837755538,False,True,36.5,37.75,50.26956223211299,49.47162570463511,49.16947570288085
1731091532882511000,1731091532836782827,False,True,36.5,37.75,50.092585213058506,49.47162570463511,49.16947570288085
1731091535850489000,1731091535807165363,False,True,36.5,37.75,49.91830223753165,49.47162570463511,49.16947570288085
1731091538861506000,1731091538837483288,False,True,36.5,37.75,49.74715288689447,49.47162570463511,49.16947570288085
1731091541893580000,1731091541836903496,False,True,36.5,37.75,49.583521447400116,49.47162570463511,49.16947570288085
1731091544863382000,1731091544836720066,False,True,36.5,37.75,49.41944270677447,49.51788424412764,49.216387584297415
1731091547909273000,1731091547876939258,False,True,36.5,37.75,49.25941194759801,49.47162570463511,49.16947570288085
1731091550904973000,1731091550836695838,True,True,36.5,37.75,49.099530883763194,49.47162570463511,49.16947570288085
1731091553875816000,1731091553796974425,True,True,36.5,37.75,48.944391488762825,49.47162570463511,49.16947570288085
1731091556945090000,1731091556837598509,False,True,36.5,37.75,49.96983936509515,49.47162570463511,49.16947570288085
1731091559917428000,1731091559796770760,False,True,36.5,37.75,50.97748761082363,49.47162570463511,49.16947570288085
1731091562942323000,1731091562916997595,False,True,36.5,37.75,50.78135633286763,49.51788424412764,49.216387584297415
1731091565861190000,1731091565797052012,False,True,36.5,37.75,50.59481457082462,49.47162570463511,49.16947570288085
1731091568861773000,1731091568836740807,False,True,36.5,37.75,50.40973228583783,49.47162570463511,49.16947570288085
1731091571896582000,1731091571837103821,False,True,36.5,37.75,50.2226848595605,49.47162570463511,49.16947570288085
1731091574911026000,1731091574886244320,False,True,36.5,37.75,50.038682437239224,49.47162570463511,49.16947570288085
1731091577881534000,1731091577836956855,False,True,36.5,37.75,49.85816142721089,49.47162570463511,49.16947570288085
1731091581010159000,1731091580856841893,False,True,36.5,37.75,49.685703774906614,49.51788424412764,49.216387584297415
1731091583877798000,1731091583837048418,False,True,36.5,37.75,49.516994280814195,49.47162570463511,49.16947570288085
1731091586904143000,1731091586837965501,False,True,36.5,37.75,49.35230117719411,49.47162570463511,49.16947570288085
1731091589919581000,1731091589876895383,False,True,36.5,37.75,49.19183700132375,49.47162570463511,49.16947570288085
1731091592889517000,1731091592836924238,True,True,36.5,37.75,49.03168052476501,49.47162570463511,49.16947570288085
1731091595963190000,1731091595836700031,True,True,36.5,37.75,48.87640320694969,49.47162570463511,49.16947570288085
1731091598925095000,1731091598887203759,False,True,36.5,37.75,49.89781240043577,49.47162570463511,49.16947570288085
1731091602002483000,1731091601876689785,False,True,36.5,37.75,50.90188513009957,49.47162570463511,49.16947570288085
1731091604850035000,1731091604837623570,False,True,36.5,37.75,50.70654184310329,49.47162570463511,49.16947570288085
1731091607943920000,1731091607877047506,False,True,36.5,37.75,50.520887060368125,49.51788424412764,49.216387584297415
1731091610912089000,1731091610836903593,False,True,36.5,37.75,50.33683436445388,49.51788424412764,49.216387584297415
1731091613984382000,1731091613877009529,False,True,36.5,37.75,50.154882260749055,49.47162570463511,49.16947570288085
1731091616953654000,1731091616877107825,False,True,36.5,37.75,49.97967265281776,49.47162570463511,49.16947570288085
1731091619922195000,1731091619836887340,False,True,36.5,37.75,49.807222529585985,49.47162570463511,49.16947570288085
1731091622929030000,1731091622916953979,False,True,36.5,37.75,49.637953914139146,49.47162570463511,49.16947570288085
1731091625910249000,1731091625876741161,False,True,36.5,37.75,49.46813104221825,49.47162570463511,49.16947570288085
1731091629045664000,1731091628916672049,False,True,36.5,37.75,49.30657402990877,49.47162570463511,49.16947570288085
1731091631919549000,1731091631876713637,True,True,36.5,37.75,49.14500625685835,49.47162570463511,49.16947570288085
1731091634884850000,1731091634856230793,True,True,36.5,37.75,48.98792343890491,49.47162570463511,49.16947570288085
1731091637962387000,1731091637876944661,False,True,36.5,37.75,50.00725711392326,49.47162570463511,49.16947570288085
1731091640880118000,1731091640836867941,False,True,36.5,37.75,51.009031214277364,49.47162570463511,49.16947570288085
1731091644005888000,1731091643877059668,False,True,36.5,37.75,50.81522758916276,49.47162570463511,49.16947570288085
1731091646977400000,1731091646877898093,False,True,36.5,37.75,50.62243005227578,49.47162570463511,49.16947570288085
1731091650052802000,1731091649917044883,False,True,36.5,37.75,50.435417128410506,49.47162570463511,49.16947570288085
1731091652886118000,1731091652837665884,False,True,36.5,37.75,50.25045428197293,49.47162570463511,49.16947570288085
1731091655995502000,1731091655876875287,False,True,36.5,37.75,50.06811963413002,49.47162570463511,49.16947570288085
1731091658961464000,1731091658846745099,False,True,36.5,37.75,49.8888993256245,49.47162570463511,49.16947570288085
1731091662344261000,1731091662196884470,False,True,36.5,37.75,49.713197942021246,49.47162570463511,49.16947570288085
1731091664886291000,1731091664837060275,False,True,36.5,37.75,49.5413478804708,49.47162570463511,49.16947570288085
1731091667977083000,1731091667876615940,False,True,36.5,37.75,49.373617760401615,49.47162570463511,49.16947570288085
1731091670946818000,1731091670876992745,False,True,36.5,37.75,49.21021997087624,49.47162570463511,49.16947570288085
1731091674020999000,1731091673887542968,True,True,36.5,37.75,49.05131743857258,49.47162570463511,49.16947570288085
1731091676989529000,1731091676916814901,True,True,36.5,37.75,48.89702969239752,49.47162570463511,49.16947570288085
1731091680061410000,1731091679957325995,False,True,36.5,37.75,49.91919594734416,49.47162570463511,49.16947570288085
1731091683013966000,1731091682966958427,False,True,36.5,37.75,50.92784170400131,49.47162570463511,49.16947570288085
1731091685997434000,1731091685876839719,False,True,36.5,37.75,50.7405526193171,49.47162570463511,49.16947570288085
1731091688958037000,1731091688917507854,False,True,36.5,37.75,50.5539314463228,49.47162570463511,49.16947570288085
1731091691947114000,1731091691886836735,False,True,36.5,37.75,50.36875468414302,49.47162570463511,49.16947570288085
1731091694969374000,1731091694916060754,False,True,36.5,37.75,50.18568499671661,49.47162570463511,49.16947570288085
1731091697988819000,1731091697876726961,False,True,36.5,37.75,50.00528383110971,49.47162570463511,49.16947570288085
1731091701053103000,1731091700916752307,False,True,36.5,37.75,49.82802276634483,49.47162570463511,49.16947570288085
1731091704022846000,1731091703877014910,False,True,36.5,37.75,49.65837847906416,49.47162570463511,49.16947570288085
1731091706958384000,1731091706916861273,False,True,36.5,37.75,49.48813668981146,49.47162570463511,49.16947570288085
1731091709961446000,1731091709877416511,False,True,36.5,37.75,49.32204066580254,49.47162570463511,49.16947570288085
1731091713037835000,1731091712916910774,True,True,36.5,37.75,49.160291627971404,49.47162570463511,49.16947570288085
1731091716003385000,1731091715877027524,True,True,36.5,37.75,49.00304280721094,49.47162570463511,49.16947570288085
1731091719075629000,1731091718916874223,False,True,36.5,37.75,50.02618293134334,49.47162570463511,49.16947570288085
1731091722044722000,1731091721887050614,False,True,36.5,37.75,51.0273432713983,49.47162570463511,49.16947570288085
1731091724969652000,1731091724926955859,False,True,36.5,37.75,50.836945242179446,49.47162570463511,49.16947570288085
1731091727932141000,1731091727876922947,False,True,36.5,37.75,50.64719531824685,49.47162570463511,49.16947570288085
1731091731056709000,1731091730917346590,False,True,36.5,37.75,50.45888729370849,49.47162570463511,49.16947570288085
1731091734027218000,1731091733917330377,False,True,36.5,37.75,50.27269875346503,49.47162570463511,49.16947570288085
1731091736995354000,1731091736926712209,False,True,36.5,37.75,50.09328871357482,49.47162570463511,49.16947570288085
1731091740068483000,1731091739956902751,False,True,36.5,37.75,49.92077351149731,49.47162570463511,49.16947570288085
1731091743038913000,1731091742957000974,False,True,36.5,37.75,49.74705181659987,49.47162570463511,49.16947570288085
1731091746008723000,1731091745886690970,False,True,36.5,37.75,49.57696709904646,49.47162570463511,49.16947570288085
1731091749078607000,1731091748916858570,False,True,36.5,37.75,49.414894092675866,49.47162570463511,49.16947570288085
1731091752049718000,1731091751917923060,False,True,36.5,37.75,49.25661356326537,49.47162570463511,49.16947570288085
1731091754969656000,1731091754916094285,True,True,36.5,37.75,49.10233908778235,49.47162570463511,49.16947570288085
1731091757987520000,1731091757917016627,True,True,36.5,37.75,48.95223613560916,49.47162570463511,49.16947570288085
1731091761060372000,1731091760917584824,False,True,36.5,37.75,49.97403598671862,49.47162570463511,49.16947570288085
1731091764032099000,1731091763957691577,False,True,36.5,37.75,50.97830357984147,49.47162570463511,49.16947570288085
1731091766979614000,1731091766927501883,False,True,36.5,37.75,50.78700539001729,49.47162570463511,49.16947570288085
1731091769980363000,1731091769927115242,False,True,36.5,37.75,50.60079668597311,49.47162570463511,49.16947570288085
1731091773046523000,1731091772916927387,False,True,36.5,37.75,50.411888908359714,49.47162570463511,49.16947570288085
1731091776112149000,1731091775966785898,False,True,36.5,37.75,50.22948686547903,49.47162570463511,49.16947570288085
1731091778978423000,1731091778926735702,False,True,36.5,37.75,50.05375844707668,49.47162570463511,49.16947570288085
1731091781969402000,1731091781916881501,False,True,36.5,37.75,49.880732557227496,49.47162570463511,49.16947570288085
1731091784969284000,1731091784916968839,False,True,36.5,37.75,49.71084175559627,49.47162570463511,49.16947570288085
1731091788092616000,1731091787957435663,False,True,36.5,37.75,49.54444434119635,49.47162570463511,49.16947570288085
1731091791055884000,1731091790966775556,False,True,36.5,37.75,49.38183292837035,49.47162570463511,49.16947570288085
1731091794088602000,1731091794046985502,False,True,36.5,37.75,49.22324214551032,49.47162570463511,49.16947570288085
1731091797002708000,1731091796917758816,True,True,36.5,37.75,49.06477077767219,49.47162570463511,49.16947570288085
1731091800019212000,1731091799966945424,True,True,36.5,37.75,48.91100841313542,49.47162570463511,49.16947570288085
1731091803021833000,1731091802958166198,False,True,36.5,37.75,49.93779875146391,49.47162570463511,49.16947570288085
1731091806115814000,1731091805956957266,False,True,36.5,37.75,50.94266864699616,49.47162570463511,49.16947570288085
1731091808983403000,1731091808916718255,False,True,36.5,37.75,50.752055540147666,49.47162570463511,49.16947570288085
1731091812053560000,1731091811956836351,False,True,36.5,37.75,50.56660009196207,49.47162570463511,49.16947570288085
1731091815130500000,1731091815077001009,False,True,36.5,37.75,50.38258559713685,49.47162570463511,49.16947570288085
1731091818097893000,1731091817956743712,False,True,36.5,37.75,50.20066978673977,49.47162570463511,49.16947570288085
1731091821066993000,1731091820957668787,False,True,36.5,37.75,50.021409894471134,49.47162570463511,49.16947570288085
1731091824036072000,1731091823957079051,False,True,36.5,37.75,49.849358689876546,49.47162570463511,49.16947570288085
1731091826969496000,1731091826916901936,False,True,36.5,37.75,49.68045415346207,49.47162570463511,49.16947570288085
1731091830078047000,1731091829956812207,False,True,36.5,37.75,49.51504839627975,49.47162570463511,49.16947570288085
1731091833051786000,1731091832916898239,False,True,36.5,37.75,49.349343909173065,49.47162570463511,49.16947570288085
1731091836118121000,1731091835957021465,False,True,36.5,37.75,49.18802162705003,49.47162570463511,49.16947570288085
1731091839021545000,1731091838966711033,True,True,36.5,37.75,49.03122793629333,49.47162570463511,49.16947570288085
1731091842159866000,1731091841967802794,True,True,36.5,37.75,48.87906795196802,49.47162570463511,49.16947570288085
1731091844981096000,1731091844927788577,False,True,36.5,37.75,49.907388301953226,49.47162570463511,49.16947570288085
1731091848100524000,1731091847967132454,False,True,36.5,37.75,50.9178034658278,49.47162570463511,49.16947570288085
1731091851068114000,1731091850996819447,False,True,36.5,37.75,50.72821798319736,49.47162570463511,49.16947570288085
1731091854141684000,1731091853956776015,False,True,36.5,37.75,50.54375935873836,49.47162570463511,49.16947570288085
1731091857109285000,1731091856996737813,False,True,36.5,37.75,50.36071049610315,49.47162570463511,49.16947570288085
1731091860081440000,1731091860007044580,False,True,36.5,37.75,50.17972893443769,49.47162570463511,49.16947570288085
1731091863153041000,1731091863007007199,False,True,36.5,37.75,50.00137188806965,49.47162570463511,49.16947570288085
1731091866018741000,1731091865956686141,False,True,36.5,37.75,49.83019225600947,49.47162570463511,49.16947570288085
1731091869049445000,1731091868996936626,False,True,36.5,37.75,49.66212827593203,49.47162570463511,49.16947570288085
1731091872060473000,1731091871957010774,False,True,36.5,37.75,49.497532424949256,49.47162570463511,49.16947570288085
1731091875039286000,1731091874997005998,False,True,36.5,37.75,49.336692416153866,49.47162570463511,49.16947570288085
1731091878021276000,1731091877977681803,False,True,36.5,37.75,49.17575402913293,49.47162570463511,49.16947570288085
1731091881070981000,1731091880956960041,True,True,36.5,37.75,49.01934837788261,49.47162570463511,49.16947570288085
1731091884040584000,1731091883957009406,True,True,36.5,37.75,48.8675781996403,49.47162570463511,49.16947570288085
1731091887115171000,1731091887006713489,False,True,36.5,37.75,49.8922033002154,49.47162570463511,49.16947570288085
1731091890084816000,1731091889996948854,False,True,36.5,37.75,50.899287313233046,49.47162570463511,49.16947570288085
1731091893057178000,1731091892996928905,False,True,36.5,37.75,50.710784822614855,49.47162570463511,49.16947570288085
1731091896009542000,1731091895956704628,False,True,36.5,37.75,50.523256178680974,49.47162570463511,49.16947570288085
1731091899042801000,1731091898996861625,False,True,36.5,37.75,50.341524667018,49.47162570463511,49.16947570288085
1731091902067509000,1731091901956799804,False,True,36.5,37.75,50.16176803866112,49.47162570463511,49.16947570288085
1731091905053136000,1731091904996791401,False,True,36.5,37.75,49.984550554771445,49.47162570463511,49.16947570288085
1731091908106015000,1731091907956922438,False,True,36.5,37.75,49.810346822473484,49.47162570463511,49.16947570288085
1731091911091146000,1731091911036675997,False,True,36.5,37.75,49.63955195287744,49.47162570463511,49.16947570288085
1731091914009301000,1731091913956869077,False,True,36.5,37.75,49.47657545191832,49.47162570463511,49.16947570288085
1731091917118239000,1731091916997358994,False,True,36.5,37.75,49.31314419681958,49.47162570463511,49.16947570288085
1731091920191581000,1731091919966994003,True,True,36.5,37.75,49.15395006403226,49.47162570463511,49.16947570288085
1731091923161502000,1731091923037090570,True,True,36.5,37.75,48.99914954747011,49.47162570463511,49.16947570288085
1731091926129768000,1731091925996884720,False,True,36.5,37.75,50.02463468404523,49.47162570463511,49.16947570288085
1731091929049798000,1731091928996930420,False,True,36.5,37.75,51.03206000468693,49.47162570463511,49.16947570288085
1731091932067453000,1731091931998737900,False,True,36.5,37.75,50.84345005932317,49.47162570463511,49.16947570288085
1731091935051897000,1731091934996995132,False,True,36.5,37.75,50.65134283775432,49.47162570463511,49.16947570288085
1731091938113733000,1731091938036746501,False,True,36.5,37.75,50.46098338211979,49.47162570463511,49.16947570288085
1731091941080075000,1731091940996991359,False,True,36.5,37.75,50.27710139781437,49.47162570463511,49.16947570288085
1731091944137327000,1731091944036914383,False,True,36.5,37.75,50.09987556172575,49.47162570463511,49.16947570288085
1731091947049568000,1731091946997101310,False,True,36.5,37.75,49.9253441584106,49.47162570463511,49.16947570288085
1731091950089885000,1731091950037026338,False,True,36.5,37.75,49.753947871731235,49.47162570463511,49.16947570288085
1731091953052218000,1731091952996832538,False,True,36.5,37.75,49.5819672400723,49.47162570463511,49.16947570288085
1731091956130728000,1731091956036999006,False,True,36.5,37.75,49.41823657324329,49.47162570463511,49.16947570288085
1731091959101896000,1731091959047478792,False,True,36.5,37.75,49.258511487363386,49.47162570463511,49.16947570288085
1731091962081068000,1731091962037128912,True,True,36.5,37.75,49.09889812302492,49.47162570463511,49.16947570288085
1731091965062312000,1731091965016864066,True,True,36.5,37.75,48.948077209235485,49.47162570463511,49.16947570288085
1731091968114091000,1731091967996652950,False,True,36.5,37.75,49.97336225790815,49.47162570463511,49.16947570288085
1731091971082966000,1731091971007636457,False,True,36.5,37.75,50.98085373991337,49.47162570463511,49.16947570288085
1731091974089611000,1731091974036894707,False,True,36.5,37.75,50.79253917017028,49.47162570463511,49.16947570288085
1731091977123915000,1731091977007643734,False,True,36.5,37.75,50.605008309307756,49.47162570463511,49.16947570288085
1731091980197434000,1731091980117652109,False,True,36.5,37.75,50.42311068129363,49.47162570463511,49.16947570288085
1731091983138387000,1731091983036895662,False,True,36.5,37.75,50.247067345531526,49.47162570463511,49.16947570288085
1731091986136387000,1731091986046964954,False,True,36.5,37.75,50.069063170032784,49.47162570463511,49.16947570288085
1731091989106053000,1731091988996743301,False,True,36.5,37.75,49.89802413677382,49.47162570463511,49.16947570288085
1731091992177831000,1731091992047111680,False,True,36.5,37.75,49.72997851432688,49.47162570463511,49.16947570288085
1731091995052854000,1731091994996886596,False,True,36.5,37.75,49.56529555659675,49.47162570463511,49.16947570288085
1731091998117935000,1731091998037675753,False,True,36.5,37.75,49.40025800362591,49.47162570463511,49.16947570288085
1731092001086954000,1731092000997531381,False,True,36.5,37.75,49.23948998825557,49.47162570463511,49.16947570288085
1731092004158642000,1731092004036894165,True,True,36.5,37.75,49.0831508586291,49.47162570463511,49.16947570288085
1731092007127401000,1731092006996910298,True,True,36.5,37.75,48.92727260365531,49.47162570463511,49.16947570288085
1731092010091465000,1731092010036745016,False,True,36.5,37.75,49.94807845646013,49.47162570463511,49.16947570288085
1731092013121331000,1731092013077041913,False,True,36.5,37.75,50.955694749709906,49.47162570463511,49.16947570288085
1731092016138379000,1731092016036841450,False,True,36.5,37.75,50.767604877537345,49.47162570463511,49.16947570288085
1731092019111091000,1731092019036877006,False,True,36.5,37.75,50.580383776153205,49.47162570463511,49.16947570288085
1731092022100658000,1731092022047059390,False,True,36.5,37.75,50.39886779410022,49.47162570463511,49.16947570288085
1731092025153767000,1731092025076849391,False,True,36.5,37.75,50.219246371710696,49.47162570463511,49.16947570288085
1731092028093846000,1731092028036941579,False,True,36.5,37.75,50.04209422086152,49.47162570463511,49.16947570288085
1731092031129656000,1731092031076993747,False,True,36.5,37.75,49.86789528302141,49.47162570463511,49.16947570288085
1731092034160139000,1731092034036790556,False,True,36.5,37.75,49.697052997821245,49.47162570463511,49.16947570288085
1731092037299874000,1731092037077012347,False,True,36.5,37.75,49.529899529850844,49.47162570463511,49.16947570288085
1731092040493858000,1731092040357029069,False,True,36.5,37.75,49.36670405444072,49.47162570463511,49.16947570288085
1731092043276815000,1731092043077075976,False,True,36.5,37.75,49.207680193668175,49.47162570463511,49.16947570288085
1731092046144133000,1731092046086873962,True,True,36.5,37.75,49.05299268519694,49.47162570463511,49.16947570288085
1731092049215012000,1731092049077002426,True,True,36.5,37.75,48.89459383068913,49.47162570463511,49.16947570288085
1731092052137591000,1731092052046841573,False,True,36.5,37.75,49.921332101703314,49.47162570463511,49.16947570288085
1731092055136103000,1731092055077030185,False,True,36.5,37.75,50.92623375660353,49.47162570463511,49.16947570288085
1731092058125182000,1731092058047036100,False,True,36.5,37.75,50.7357245247278,49.47162570463511,49.16947570288085
1731092061196648000,1731092061076940045,False,True,36.5,37.75,50.550434635832595,49.47162570463511,49.16947570288085
1731092064166644000,1731092064046673525,False,True,36.5,37.75,50.37072286915676,49.47162570463511,49.16947570288085
1731092067090158000,1731092067036943925,False,True,36.5,37.75,50.192787785556206,49.47162570463511,49.16947570288085
1731092070209238000,1731092070037926120,False,True,36.5,37.75,50.017212507983835,49.47162570463511,49.16947570288085
1731092073121356000,1731092073076746570,False,True,36.5,37.75,49.84448873825022,49.47162570463511,49.16947570288085
1731092076147317000,1731092076036877885,False,True,36.5,37.75,49.67502707923698,49.47162570463511,49.16947570288085
1731092079220238000,1731092079076962180,False,True,36.5,37.75,49.509166310716296,49.47162570463511,49.16947570288085
1731092082290785000,1731092082127001873,False,True,36.5,37.75,49.34718171994394,49.47162570463511,49.16947570288085
1731092085158594000,1731092085076997324,False,True,36.5,37.75,49.185207814615104,49.47162570463511,49.16947570288085
1731092088228422000,1731092088087748295,True,True,36.5,37.75,49.023780720043646,49.47162570463511,49.16947570288085
1731092091199778000,1731092091086927622,True,True,36.5,37.75,48.86744482601767,49.47162570463511,49.16947570288085
1731092094169428000,1731092094077256647,False,True,36.5,37.75,49.89200308945204,49.47162570463511,49.16947570288085
1731092097243346000,1731092097077013976,False,True,36.5,37.75,50.8990304168892,49.47162570463511,49.16947570288085
1731092100417394000,1731092100206796386,False,True,36.5,37.75,50.71048025576462,49.47162570463511,49.16947570288085
1731092103181526000,1731092103076926434,False,True,36.5,37.75,50.52291193472107,49.47162570463511,49.16947570288085
1731092106210275000,1731092106116898901,False,True,36.5,37.75,50.337063057372156,49.47162570463511,49.16947570288085
1731092109223498000,1731092109076955617,False,True,36.5,37.75,50.15356147733896,49.47162570463511,49.16947570288085
1731092112192368000,1731092112116844495,False,True,36.5,37.75,49.97293751506716,49.47162570463511,49.16947570288085
1731092115122387000,1731092115076913130,False,True,36.5,37.75,49.79563494339756,49.47162570463511,49.16947570288085
1731092118131337000,1731092118077003975,False,True,36.5,37.75,49.62202086059863,49.47162570463511,49.16947570288085
1731092121203300000,1731092121076699968,False,True,36.5,37.75,49.45239455837285,49.47162570463511,49.16947570288085
1731092124273592000,1731092124126940585,False,True,36.5,37.75,49.2869954821963,49.47162570463511,49.16947570288085
1731092127140526000,1731092127077083377,True,True,36.5,37.75,49.126010372145615,49.47162570463511,49.16947570288085
1731092130214453000,1731092130119005615,True,True,36.5,37.75,48.969579664020706,49.47162570463511,49.16947570288085
1731092133212239000,1731092133156796683,False,True,36.5,37.75,49.99358080333372,49.47162570463511,49.16947570288085
1731092136207776000,1731092136116827790,False,True,36.5,37.75,50.99965506192188,49.47162570463511,49.16947570288085
1731092139225345000,1731092139117004872,False,True,36.5,37.75,50.80981494086193,49.47162570463511,49.16947570288085
1731092142194430000,1731092142116726394,False,True,36.5,37.75,50.62067224450484,49.47162570463511,49.16947570288085
1731092145164880000,1731092145076929853,False,True,36.5,37.75,50.43709590138848,49.47162570463511,49.16947570288085
1731092148236568000,1731092148157377558,False,True,36.5,37.75,50.25530408356793,49.47162570463511,49.16947570288085
1731092151206473000,1731092151127014932,False,True,36.5,37.75,50.07998154750058,49.47162570463511,49.16947570288085
1731092154277216000,1731092154116976009,False,True,36.5,37.75,49.907044106708824,49.4246210596669,49.12180717821566
1731092157143594000,1731092157076758768,False,True,36.5,37.75,49.73710708556078,49.47162570463511,49.16947570288085
1731092160420679000,1731092160206678230,False,True,36.5,37.75,49.57456750120272,49.47162570463511,49.16947570288085
1731092163393276000,1731092163236889103,False,True,36.5,37.75,49.41535442958829,49.47162570463511,49.16947570288085
1731092166210183000,1731092166117027877,False,True,36.5,37.75,49.2597500644398,49.47162570463511,49.16947570288085
1731092169228909000,1731092169117370404,True,True,36.5,37.75,49.10798087619835,49.47162570463511,49.16947570288085
1731092172197070000,1731092172117027901,True,True,36.5,37.75,48.95620431801587,49.47162570463511,49.16947570288085
1731092175170945000,1731092175117004415,False,True,36.5,37.75,49.9847124823759,49.47162570463511,49.16947570288085
1731092178238627000,1731092178116812615,False,True,36.5,37.75,50.99106119380249,49.47162570463511,49.16947570288085
1731092181208617000,1731092181116650944,False,True,36.5,37.75,50.801713979157924,49.47162570463511,49.16947570288085
1731092184282276000,1731092184117045674,False,True,36.5,37.75,50.61733497856404,49.47162570463511,49.16947570288085
1731092187170656000,1731092187117427494,False,True,36.5,37.75,50.43422860881082,49.47162570463511,49.16947570288085
1731092190221353000,1731092190116748615,False,True,36.5,37.75,50.257091519386115,49.47162570463511,49.16947570288085
1731092193171741000,1731092193116906079,False,True,36.5,37.75,50.086137660469745,49.47162570463511,49.16947570288085
1731092196210737000,1731092196157099171,False,True,36.5,37.75,49.917502762958684,49.47162570463511,49.16947570288085
1731092199235087000,1731092199156941498,False,True,36.5,37.75,49.75165185871284,49.47162570463511,49.16947570288085
1731092202170577000,1731092202116852423,False,True,36.5,37.75,49.58897287382794,49.47162570463511,49.16947570288085
1731092205273386000,1731092205157081594,False,True,36.5,37.75,49.42978545917796,49.47162570463511,49.16947570288085
1731092208244505000,1731092208156814161,False,True,36.5,37.75,49.274348920639945,49.47162570463511,49.16947570288085
1731092211315675000,1731092211176911177,True,True,36.5,37.75,49.12286933628194,49.47162570463511,49.16947570288085
1731092214284126000,1731092214116765401,True,True,36.5,37.75,48.97134662415289,49.4246210596669,49.12180717821566
1731092217260332000,1731092217157122635,False,True,36.5,37.75,50.00007662772459,49.4246210596669,49.12180717821566
1731092220333669000,1731092220197060626,False,True,36.5,37.75,51.01070331808838,49.4246210596669,49.12180717821566
1731092223400034000,1731092223236948404,False,True,36.5,37.75,50.821222417943986,49.4246210596669,49.12180717821566
1731092226212368000,1731092226126748335,False,True,36.5,37.75,50.63664945577128,49.4246210596669,49.12180717821566
1731092229233847000,1731092229157269955,False,True,36.5,37.75,50.457518785172915,49.47162570463511,49.16947570288085
1731092232306169000,1731092232196745128,False,True,36.5,37.75,50.27996701419785,49.4246210596669,49.12180717821566
1731092235211558000,1731092235157735915,False,True,36.5,37.75,50.108687528405945,49.4246210596669,49.12180717821566
1731092238242401000,1731092238196716307,False,True,36.5,37.75,49.93988327480297,49.47162570463511,49.16947570288085
1731092241211060000,1731092241156908696,False,True,36.5,37.75,49.769913753132926,49.47162570463511,49.16947570288085
1731092244203617000,1731092244126923978,False,True,36.5,37.75,49.60359928234309,49.47162570463511,49.16947570288085
1731092247256393000,1731092247156713799,False,True,36.5,37.75,49.44107040155608,49.4246210596669,49.12180717821566
1731092250228488000,1731092250126766860,False,True,36.5,37.75,49.286646175812564,49.4246210596669,49.12180717821566
1731092253236988000,1731092253156935126,False,True,36.5,37.75,49.13197418454797,49.4246210596669,49.12180717821566
1731092256216574000,1731092256157051828,True,True,36.5,37.75,48.985761745541026,49.4246210596669,49.12180717821566
1731092259237577000,1731092259156932308,True,True,36.5,37.75,48.84379341382207,49.47162570463511,49.16947570288085
1731092262206964000,1731092262116955728,False,True,36.5,37.75,49.87381743170796,49.47162570463511,49.16947570288085
1731092265280719000,1731092265176922624,False,True,36.5,37.75,50.88614731323637,49.4246210596669,49.12180717821566
1731092268351506000,1731092268197586809,False,True,36.5,37.75,50.702734337232485,49.4246210596669,49.12180717821566
1731092271219009000,1731092271157149667,False,True,36.5,37.75,50.52027612147312,49.47162570463511,49.16947570288085
1731092274291650000,1731092274167700858,False,True,36.5,37.75,50.34337075754007,49.4246210596669,49.12180717821566
1731092277211566000,1731092277157004319,False,True,36.5,37.75,50.16826863368465,49.4246210596669,49.12180717821566
1731092280538097000,1731092280356992362,False,True,36.5,37.75,49.995675412335935,49.47162570463511,49.16947570288085
1731092283404175000,1731092283276999798,False,True,36.5,37.75,49.82604834853245,49.47162570463511,49.16947570288085
1731092286268006000,1731092286196852445,False,True,36.5,37.75,49.6637131915494,49.4246210596669,49.12180717821566
1731092289346839000,1731092289236882547,False,True,36.5,37.75,49.49644652836127,49.4246210596669,49.12180717821566
1731092292312922000,1731092292196821058,False,True,36.5,37.75,49.33338266939536,49.4246210596669,49.12180717821566
1731092295247976000,1731092295196950888,False,True,36.5,37.75,49.1747008542123,49.4246210596669,49.12180717821566
1731092298457921000,1731092298367039737,True,True,36.5,37.75,49.024555127816875,49.4246210596669,49.12180717821566
1731092301222824000,1731092301156753932,True,True,36.5,37.75,48.87463988379845,49.4246210596669,49.12180717821566
1731092304297849000,1731092304196867032,False,True,36.5,37.75,49.90118581469675,49.4246210596669,49.12180717821566
1731092307366252000,1731092307236816570,False,True,36.5,37.75,50.91017711972176,49.4246210596669,49.12180717821566
1731092310337013000,1731092310196887126,False,True,36.5,37.75,50.72356137276904,49.4246210596669,49.12180717821566
1731092313307090000,1731092313166931344,False,True,36.5,37.75,50.537892976755174,49.4246210596669,49.12180717821566
1731092316252723000,1731092316196792858,False,True,36.5,37.75,50.353905449564486,49.4246210596669,49.12180717821566
1731092319212638000,1731092319157127740,False,True,36.5,37.75,50.17638261761767,49.47162570463511,49.16947570288085
1731092322316369000,1731092322206844680,False,True,36.5,37.75,50.00131257243982,49.4246210596669,49.12180717821566
1731092325287836000,1731092325166987441,False,True,36.5,37.75,49.83319176473918,49.4246210596669,49.12180717821566
1731092328358440000,1731092328238370055,False,True,36.5,37.75,49.66415653647117,49.47162570463511,49.16947570288085
1731092331332049000,1731092331196927925,False,True,36.5,37.75,49.498926851388596,49.47162570463511,49.16947570288085
1731092334300845000,1731092334196763616,False,True,36.5,37.75,49.341766755572785,49.47162570463511,49.16947570288085
1731092337251552000,1731092337196780865,False,True,36.5,37.75,49.18030832582506,49.4246210596669,49.12180717821566
1731092340547788000,1731092340357205444,True,True,36.5,37.75,49.02351009272266,49.4246210596669,49.12180717821566
1731092343718085000,1731092343596947836,True,True,36.5,37.75,48.87145903852675,49.4246210596669,49.12180717821566
1731092346252986000,1731092346196956841,False,True,36.5,37.75,49.90012502032215,49.47162570463511,49.16947570288085
1731092349350729000,1731092349207054255,False,True,36.5,37.75,50.90686410483161,49.4246210596669,49.12180717821566
1731092352291155000,1731092352236924535,False,True,36.5,37.75,50.71824531152343,49.47162570463511,49.16947570288085
1731092355254174000,1731092355196830745,False,True,36.5,37.75,50.530658605972725,49.4246210596669,49.12180717821566
1731092358364433000,1731092358236694928,False,True,36.5,37.75,50.34905889898997,49.47162570463511,49.16947570288085
1731092361332654000,1731092361196919167,False,True,36.5,37.75,50.17347767512343,49.4246210596669,49.12180717821566
1731092364304761000,1731092364207016965,False,True,36.5,37.75,50.0002343179805,49.47162570463511,49.16947570288085
1731092367241284000,1731092367196681284,False,True,36.5,37.75,49.82981270175558,49.47162570463511,49.16947570288085
1731092370342804000,1731092370196749726,False,True,36.5,37.75,49.662616820025,49.47162570463511,49.16947570288085
1731092373281307000,1731092373236842361,False,True,36.5,37.75,49.49482060888692,49.4246210596669,49.12180717821566
1731092376273786000,1731092376236798851,False,True,36.5,37.75,49.331234327464145,49.47162570463511,49.16947570288085
1731092379357026000,1731092379196864616,False,True,36.5,37.75,49.17203866403687,49.47162570463511,49.16947570288085
1731092382323268000,1731092382197666126,True,True,36.5,37.75,49.017229557194725,49.4246210596669,49.12180717821566
1731092385397316000,1731092385246963303,True,True,36.5,37.75,48.86297710219367,49.47162570463511,49.16947570288085
1731092388265067000,1731092388196949806,False,True,36.5,37.75,49.885344364215534,49.4246210596669,49.12180717821566
1731092391336967000,1731092391236869654,False,True,36.5,37.75,50.890374526504104,49.4246210596669,49.12180717821566
1731092394305630000,1731092394196718548,False,True,36.5,37.75,50.70014298299557,49.47162570463511,49.16947570288085
1731092397301546000,1731092397247039955,False,True,36.5,37.75,50.51103393964915,49.4246210596669,49.12180717821566
1731092400451570000,1731092400316955064,False,True,36.5,37.75,50.32377276841779,49.4246210596669,49.12180717821566
1731092403420037000,1731092403316984954,False,True,36.5,37.75,50.14320033366362,49.47162570463511,49.16947570288085
1731092406696503000,1731092406236924117,False,True,36.5,37.75,49.96522661257236,49.4246210596669,49.12180717821566
1731092409353070000,1731092409236705597,False,True,36.5,37.75,49.79046090396202,49.47162570463511,49.16947570288085
1731092412429640000,1731092412276879888,False,True,36.5,37.75,49.62335890188623,49.47162570463511,49.16947570288085
1731092415400683000,1731092415236960984,False,True,36.5,37.75,49.45963339540123,49.4246210596669,49.12180717821566
1731092418270362000,1731092418197129158,False,True,36.5,37.75,49.29549592268316,49.4246210596669,49.12180717821566
1731092421339645000,1731092421236672920,False,True,36.5,37.75,49.131550981000174,49.4246210596669,49.12180717821566
1731092424310599000,1731092424197804766,True,True,36.5,37.75,48.97240354970707,49.4246210596669,49.12180717821566
1731092427301711000,1731092427256985606,True,True,36.5,37.75,48.81827199296272,49.47162570463511,49.16947570288085
1731092430254248000,1731092430196865960,False,True,36.5,37.75,49.84093947169364,49.47162570463511,49.16947570288085
1731092433319046000,1731092433246851322,False,True,36.5,37.75,50.850242169772045,49.4246210596669,49.12180717821566
1731092436252586000,1731092436196891537,False,True,36.5,37.75,50.66374120633967,49.4246210596669,49.12180717821566
1731092439361557000,1731092439247476610,False,True,36.5,37.75,50.47801757083889,49.4246210596669,49.12180717821566
1731092442330089000,1731092442236778927,False,True,36.5,37.75,50.293828491646906,49.4246210596669,49.12180717821566
1731092445294228000,1731092445236802876,False,True,36.5,37.75,50.11195898951167,49.47162570463511,49.16947570288085
1731092448374392000,1731092448236871087,False,True,36.5,37.75,49.94110514017967,49.47162570463511,49.16947570288085
1731092451443957000,1731092451316722623,False,True,36.5,37.75,49.768581604153766,49.4246210596669,49.12180717821566
1731092454415446000,1731092454276882519,False,True,36.5,37.75,49.59929016880803,49.4246210596669,49.12180717821566
1731092457302997000,1731092457246761662,False,True,36.5,37.75,49.43357296126132,49.4246210596669,49.12180717821566
1731092460449078000,1731092460276800100,False,True,36.5,37.75,49.27170827847722,49.4246210596669,49.12180717821566
1731092463430991000,1731092463276851132,True,True,36.5,37.75,49.11391809680853,49.4246210596669,49.12180717821566
1731092466297421000,1731092466237522207,True,True,36.5,37.75,48.95629004378008,49.4246210596669,49.12180717821566
1731092469291767000,1731092469237122331,False,True,36.5,37.75,49.9793208596405,49.47162570463511,49.16947570288085
1731092472435990000,1731092472316806419,False,True,36.5,37.75,50.98448562785111,49.4246210596669,49.12180717821566
1731092475408492000,1731092475236925294,False,True,36.5,37.75,50.789772764773964,49.4246210596669,49.12180717821566
1731092478377215000,1731092478276687925,False,True,36.5,37.75,50.60019043005458,49.4246210596669,49.12180717821566
1731092481550015000,1731092481236932100,False,True,36.5,37.75,50.412106273497834,49.4246210596669,49.12180717821566
1731092484417447000,1731092484276939745,False,True,36.5,37.75,50.23027383880065,49.4246210596669,49.12180717821566
1731092487302221000,1731092487246732237,False,True,36.5,37.75,50.050808639573816,49.4246210596669,49.12180717821566
1731092490357997000,1731092490276933071,False,True,36.5,37.75,49.87830422254367,49.4246210596669,49.12180717821566
1731092493431725000,1731092493276886581,False,True,36.5,37.75,49.708874263264576,49.47162570463511,49.16947570288085
1731092496343663000,1731092496286931594,False,True,36.5,37.75,49.54274389037263,49.4246210596669,49.12180717821566
1731092499367805000,1731092499237083046,False,True,36.5,37.75,49.380370597498185,49.47162570463511,49.16947570288085
1731092502439359000,1731092502277078189,False,True,36.5,37.75,49.221852505319696,49.4246210596669,49.12180717821566
1731092505301950000,1731092505246948593,True,True,36.5,37.75,49.06739564428393,49.4246210596669,49.12180717821566
1731092508333513000,1731092508276796920,True,True,36.5,37.75,48.921178647912704,49.4246210596669,49.12180717821566
1731092511348823000,1731092511237558981,False,True,36.5,37.75,49.95069606562367,49.4246210596669,49.12180717821566
1731092514420452000,1731092514276774013,False,True,36.5,37.75,50.962157905786164,49.47162570463511,49.16947570288085
1731092517291514000,1731092517236916597,False,True,36.5,37.75,50.77742995671667,49.4246210596669,49.12180717821566
1731092520564199000,1731092520367001304,False,True,36.5,37.75,50.593138218701746,49.4246210596669,49.12180717821566
1731092523433920000,1731092523277163779,False,True,36.5,37.75,50.41008030979577,49.4246210596669,49.12180717821566
1731092526341938000,1731092526287051672,False,True,36.5,37.75,50.23309739521541,49.47162570463511,49.16947570288085
1731092529370794000,1731092529246894665,False,True,36.5,37.75,50.05822880970308,49.4246210596669,49.12180717821566
1731092532332381000,1731092532277010656,False,True,36.5,37.75,49.890016753931626,49.4246210596669,49.12180717821566
1731092535342789000,1731092535277128360,False,True,36.5,37.75,49.72049898248902,49.4246210596669,49.12180717821566
1731092538485193000,1731092538286846218,False,True,36.5,37.75,49.558610996702825,49.47162570463511,49.16947570288085
1731092541355266000,1731092541276946149,False,True,36.5,37.75,49.400107400001765,49.4246210596669,49.12180717821566
1731092544425732000,1731092544276738231,False,True,36.5,37.75,49.24525910024046,49.4246210596669,49.12180717821566
1731092547371973000,1731092547316691891,True,True,36.5,37.75,49.09428262193546,49.4246210596669,49.12180717821566
1731092550363429000,1731092550286679207,True,True,36.5,37.75,48.94734660021442,49.4246210596669,49.12180717821566
1731092553335716000,1731092553276649112,False,True,36.5,37.75,49.976335255706246,49.4246210596669,49.12180717821566
1731092556342590000,1731092556286998325,False,True,36.5,37.75,50.9832754971795,49.4246210596669,49.12180717821566
1731092559373183000,1731092559316876704,False,True,36.5,37.75,50.79455137723169,49.4246210596669,49.12180717821566
1731092562446261000,1731092562287614354,False,True,36.5,37.75,50.61477487064759,49.4246210596669,49.12180717821566
1731092565415946000,1731092565276894099,False,True,36.5,37.75,50.43191447335133,49.4246210596669,49.12180717821566
1731092568333188000,1731092568286941262,False,True,36.5,37.75,50.255073687045375,49.4246210596669,49.12180717821566
1731092571461376000,1731092571316876330,False,True,36.5,37.75,50.07641828703124,49.4246210596669,49.12180717821566
1731092574429116000,1731092574276875855,False,True,36.5,37.75,49.90083718915852,49.4246210596669,49.12180717821566
1731092577372360000,1731092577316966649,False,True,36.5,37.75,49.73274348952776,49.4246210596669,49.12180717821566
1731092580469266000,1731092580357025968,False,True,36.5,37.75,49.5680797063499,49.4246210596669,49.12180717821566
1731092583440240000,1731092583316993113,False,True,36.5,37.75,49.4071391400526,49.4246210596669,49.12180717821566
1731092586333230000,1731092586276966222,False,True,36.5,37.75,49.25015730270556,49.4246210596669,49.12180717821566
1731092589480314000,1731092589316837681,True,True,36.5,37.75,49.09731879328828,49.4246210596669,49.12180717821566
1731092592451636000,1731092592286907160,True,True,36.5,37.75,48.94876346154318,49.4246210596669,49.12180717821566
1731092595425686000,1731092595316609331,False,True,36.5,37.75,49.9763495836879,49.4246210596669,49.12180717821566
1731092598345365000,1731092598297011790,False,True,36.5,37.75,50.98208069392182,49.4246210596669,49.12180717821566
1731092601462750000,1731092601316935226,False,True,36.5,37.75,50.79633972092125,49.4246210596669,49.12180717821566
1731092604367767000,1731092604316943554,False,True,36.5,37.75,50.6112995603721,49.4246210596669,49.12180717821566
1731092607366288000,1731092607316958032,False,True,36.5,37.75,50.43174474062858,49.4246210596669,49.12180717821566
1731092610372107000,1731092610276961330,False,True,36.5,37.75,50.253947294525126,49.4246210596669,49.12180717821566
1731092613765147000,1731092613277137768,False,True,36.5,37.75,50.07447244146883,49.4246210596669,49.12180717821566
1731092616318162000,1731092616276810949,False,True,36.5,37.75,49.902213911343196,49.4246210596669,49.12180717821566
1731092619374444000,1731092619316952994,False,True,36.5,37.75,49.73317100043208,49.4246210596669,49.12180717821566
1731092622453962000,1731092622356975743,False,True,36.5,37.75,49.56768695258447,49.4246210596669,49.12180717821566
1731092625424517000,1731092625317020145,False,True,36.5,37.75,49.406041098965154,49.4246210596669,49.12180717821566
1731092628392987000,1731092628316885801,False,True,36.5,37.75,49.24845637416978,49.4246210596669,49.12180717821566
1731092631466445000,1731092631316975844,True,True,36.5,37.75,49.09108613154948,49.4246210596669,49.12180717821566
1731092634438341000,1731092634317030421,True,True,36.5,37.75,48.94246024287812,49.4246210596669,49.12180717821566
1731092637374831000,1731092637317505309,False,True,36.5,37.75,49.96599495286216,49.4246210596669,49.12180717821566
1731092640549693000,1731092640397024755,False,True,36.5,37.75,50.97610868287769,49.4246210596669,49.12180717821566
1731092643548162000,1731092643476716812,False,True,36.5,37.75,50.786346602869216,49.4246210596669,49.12180717821566
1731092646415970000,1731092646356979185,False,True,36.5,37.75,50.6016935777214,49.4246210596669,49.12180717821566
1731092649385157000,1731092649316927391,False,True,36.5,37.75,50.41849727576206,49.4246210596669,49.12180717821566
1731092652456932000,1731092652356939525,False,True,36.5,37.75,50.241429370932636,49.4246210596669,49.12180717821566
1731092655426809000,1731092655316590685,False,True,36.5,37.75,50.06666161594174,49.4246210596669,49.12180717821566
1731092658396190000,1731092658316925138,False,True,36.5,37.75,49.89469018308506,49.4246210596669,49.12180717821566
1731092661467692000,1731092661317670399,False,True,36.5,37.75,49.72592978592308,49.4246210596669,49.12180717821566
1731092664438171000,1731092664356802963,False,True,36.5,37.75,49.56072298559984,49.4246210596669,49.12180717821566
1731092667382552000,1731092667326918080,False,True,36.5,37.75,49.39934854926091,49.4246210596669,49.12180717821566
1731092670480849000,1731092670357114629,False,True,36.5,37.75,49.24202895242184,49.4246210596669,49.12180717821566
1731092673555158000,1731092673396773546,True,True,36.5,37.75,49.08893710845269,49.4246210596669,49.12180717821566
1731092676414560000,1731092676356812160,True,True,36.5,37.75,48.9361824739709,49.4246210596669,49.12180717821566
1731092679362811000,1731092679316985709,False,True,36.5,37.75,49.95999423533077,49.4246210596669,49.12180717821566
1731092682460402000,1731092682358177916,False,True,36.5,37.75,50.966354803570454,49.4246210596669,49.12180717821566
1731092685431425000,1731092685326983013,False,True,36.5,37.75,50.777209729648355,49.4246210596669,49.12180717821566
1731092688403589000,1731092688357019818,False,True,36.5,37.75,50.58911120057835,49.4246210596669,49.12180717821566
1731092691383521000,1731092691327112412,False,True,36.5,37.75,50.40681028880727,49.4246210596669,49.12180717821566
1731092694442887000,1731092694366909558,False,True,36.5,37.75,50.230568659250494,49.4246210596669,49.12180717821566
1731092697415276000,1731092697356717290,False,True,36.5,37.75,50.05656375257616,49.4246210596669,49.12180717821566
1731092700554960000,1731092700396873049,False,True,36.5,37.75,49.88529693965101,49.4246210596669,49.12180717821566
1731092703656575000,1731092703476844611,False,True,36.5,37.75,49.7171876865286,49.4246210596669,49.12180717821566
1731092706443080000,1731092706397591175,False,True,36.5,37.75,49.552582900180525,49.4246210596669,49.12180717821566
1731092709596108000,1731092709477199167,False,True,36.5,37.75,49.3917653227831,49.4246210596669,49.12180717821566
1731092712464005000,1731092712358753819,False,True,36.5,37.75,49.23496106673251,49.4246210596669,49.12180717821566
1731092715535817000,1731092715396760705,True,True,36.5,37.75,49.08234637384662,49.4246210596669,49.12180717821566
1731092718504927000,1731092718356820539,True,True,36.5,37.75,48.93419306319754,49.47162570463511,49.16947570288085
1731092721477352000,1731092721396813473,False,True,36.5,37.75,49.96621349543478,49.4246210596669,49.12180717821566
1731092724444263000,1731092724356950470,False,True,36.5,37.75,50.97602729347524,49.4246210596669,49.12180717821566
1731092727406508000,1731092727356875067,False,True,36.5,37.75,50.78600703365307,49.4246210596669,49.12180717821566
1731092730405413000,1731092730357044799,False,True,36.5,37.75,50.60113302316389,49.4246210596669,49.12180717821566
1731092733558886000,1731092733396757080,False,True,36.5,37.75,50.41774882822247,49.4246210596669,49.12180717821566
1731092736416794000,1731092736356900879,False,True,36.5,37.75,50.240522432483374,49.4246210596669,49.12180717821566
1731092739497514000,1731092739396840042,False,True,36.5,37.75,50.065622270562635,49.4246210596669,49.12180717821566
1731092742412700000,1731092742356972741,False,True,36.5,37.75,49.89354153296056,49.4246210596669,49.12180717821566
1731092745453986000,1731092745396918918,False,True,36.5,37.75,49.724692255228575,49.4246210596669,49.12180717821566
1731092748423564000,1731092748367061633,False,True,36.5,37.75,49.559414594847816,49.4246210596669,49.12180717821566
1731092751453715000,1731092751396919148,False,True,36.5,37.75,49.39798516299108,49.4246210596669,49.12180717821566
1731092754404017000,1731092754357000977,False,True,36.5,37.75,49.23660457626075,49.4246210596669,49.12180717821566
1731092757443807000,1731092757396839992,True,True,36.5,37.75,49.083844221037594,49.4246210596669,49.12180717821566
1731092760563475000,1731092760517025063,True,True,36.5,37.75,48.931399053912195,49.4246210596669,49.12180717821566
1731092763523753000,1731092763476953850,False,True,36.5,37.75,49.95965917388514,49.47162570463511,49.16947570288085
1731092766414988000,1731092766366880315,False,True,36.5,37.75,50.97006892146527,49.4246210596669,49.12180717821566
1731092769496943000,1731092769396994006,False,True,36.5,37.75,50.78461006435616,49.4246210596669,49.12180717821566
1731092772414856000,1731092772356876042,False,True,36.5,37.75,50.603887626408444,49.4246210596669,49.12180717821566
1731092775454940000,1731092775396991138,False,True,36.5,37.75,50.42428238320105,49.4246210596669,49.12180717821566
1731092778415441000,1731092778356895179,False,True,36.5,37.75,50.24647620287754,49.4246210596669,49.12180717821566
1731092781444554000,1731092781396908059,False,True,36.5,37.75,50.07104852128339,49.4246210596669,49.12180717821566
1731092784423927000,1731092784366857260,False,True,36.5,37.75,49.90665730277003,49.4246210596669,49.12180717821566
1731092787454846000,1731092787396829490,False,True,36.5,37.75,49.740723645647606,49.4246210596669,49.12180717821566
1731092790414892000,1731092790357000261,False,True,36.5,37.75,49.57810111164574,49.4246210596669,49.12180717821566
1731092793455223000,1731092793406706772,False,True,36.5,37.75,49.41908988678763,49.4246210596669,49.12180717821566
1731092796455182000,1731092796397052272,False,True,36.5,37.75,49.26393193980008,49.4246210596669,49.12180717821566
1731092799504011000,1731092799436910909,True,True,36.5,37.75,49.11281792649745,49.4246210596669,49.12180717821566
1731092802454583000,1731092802397430497,True,True,36.5,37.75,48.9658933805955,49.4246210596669,49.12180717821566
1731092805446326000,1731092805396947104,False,True,36.5,37.75,49.994957076876766,49.4246210596669,49.12180717821566
1731092808503841000,1731092808446928846,False,True,36.5,37.75,51.00610813702751,49.4246210596669,49.12180717821566
1731092811454626000,1731092811397269205,False,True,36.5,37.75,50.81731354060528,49.4246210596669,49.12180717821566
1731092814452684000,1731092814397321608,False,True,36.5,37.75,50.62954335762166,49.4246210596669,49.12180717821566
1731092817463705000,1731092817406963744,False,True,36.5,37.75,50.447550185089206,49.4246210596669,49.12180717821566
1731092820553857000,1731092820436944026,False,True,36.5,37.75,50.271661935626035,49.4246210596669,49.12180717821566
1731092823568789000,1731092823476927911,False,True,36.5,37.75,50.09798670527431,49.4246210596669,49.12180717821566
1731092826443989000,1731092826396808944,False,True,36.5,37.75,49.92702760016964,49.4246210596669,49.12180717821566
1731092829509893000,1731092829396922530,False,True,36.5,37.75,49.75920568452021,49.4246210596669,49.12180717821566
1731092832580075000,1731092832436969710,False,True,36.5,37.75,49.598954101835986,49.4246210596669,49.12180717821566
1731092835551390000,1731092835397511199,False,True,36.5,37.75,49.43802126077952,49.4246210596669,49.12180717821566
1731092838522092000,1731092838436767156,False,True,36.5,37.75,49.28111865341188,49.4246210596669,49.12180717821566
1731092841455449000,1731092841398130306,False,True,36.5,37.75,49.124335882377785,49.4246210596669,49.12180717821566
1731092844564753000,1731092844436932855,True,True,36.5,37.75,48.97225461822796,49.4246210596669,49.12180717821566
1731092847511104000,1731092847396731004,True,True,36.5,37.75,48.824934189552295,49.4246210596669,49.12180717821566
1731092850603731000,1731092850437104415,False,True,36.5,37.75,49.85014130892834,49.4246210596669,49.12180717821566
1731092853459292000,1731092853398147870,False,True,36.5,37.75,50.858216069090766,49.4246210596669,49.12180717821566
1731092856544811000,1731092856436933338,False,True,36.5,37.75,50.67105206154291,49.4246210596669,49.12180717821566
1731092859524567000,1731092859477626242,False,True,36.5,37.75,50.48515543908171,49.4246210596669,49.12180717821566
1731092862572551000,1731092862436921933,False,True,36.5,37.75,50.30121663560237,49.4246210596669,49.12180717821566
1731092865455773000,1731092865396910284,False,True,36.5,37.75,50.12384165868659,49.4246210596669,49.12180717821566
1731092868524505000,1731092868457052426,False,True,36.5,37.75,49.94914362614145,49.4246210596669,49.12180717821566
1731092871493904000,1731092871407000444,False,True,36.5,37.75,49.77354648330225,49.4246210596669,49.12180717821566
1731092874493725000,1731092874436908232,False,True,36.5,37.75,49.605818551064004,49.4246210596669,49.12180717821566
1731092877455176000,1731092877397003047,False,True,36.5,37.75,49.437828050558345,49.4246210596669,49.12180717821566
1731092880575649000,1731092880516712153,False,True,36.5,37.75,49.274200164766995,49.4246210596669,49.12180717821566
1731092883544734000,1731092883486802638,True,True,36.5,37.75,49.11911464038397,49.4246210596669,49.12180717821566
1731092886495823000,1731092886436693577,True,True,36.5,37.75,48.964287998139426,49.4246210596669,49.12180717821566
1731092889519054000,1731092889408158381,False,True,36.5,37.75,49.98998979975453,49.4246210596669,49.12180717821566
1731092892486465000,1731092892437011017,False,True,36.5,37.75,50.99784007655451,49.4246210596669,49.12180717821566
1731092895525185000,1731092895477508230,False,True,36.5,37.75,50.809832668325264,49.4246210596669,49.12180717821566
1731092898506480000,1731092898447715854,False,True,36.5,37.75,50.62658295492208,49.4246210596669,49.12180717821566
1731092901512949000,1731092901477120752,False,True,36.5,37.75,50.4444805403685,49.4246210596669,49.12180717821566
1731092904570290000,1731092904446748421,False,True,36.5,37.75,50.26823468981427,49.4246210596669,49.12180717821566
1731092907538720000,1731092907476897361,False,True,36.5,37.75,50.09405082700872,49.4246210596669,49.12180717821566
1731092910577922000,1731092910517607529,False,True,36.5,37.75,49.92245525915536,49.4246210596669,49.12180717821566
1731092913540040000,1731092913436750766,False,True,36.5,37.75,49.753889646108604,49.4246210596669,49.12180717821566
1731092916551514000,1731092916436961076,False,True,36.5,37.75,49.58470069461678,49.4246210596669,49.12180717821566
1731092919495007000,1731092919436719732,False,True,36.5,37.75,49.419568931378166,49.4246210596669,49.12180717821566
1731092922496923000,1731092922436897824,False,True,36.5,37.75,49.25870330767477,49.4246210596669,49.12180717821566
1731092925561510000,1731092925476715852,True,True,36.5,37.75,49.0982441682088,49.4246210596669,49.12180717821566
1731092928529591000,1731092928438002338,True,True,36.5,37.75,48.94268935037273,49.4246210596669,49.12180717821566
1731092931606432000,1731092931557008996,False,True,36.5,37.75,49.96786395406838,49.4246210596669,49.12180717821566
1731092934573751000,1731092934437038420,False,True,36.5,37.75,50.97536274113576,49.4246210596669,49.12180717821566
1731092937535471000,1731092937477058864,False,True,36.5,37.75,50.78715694977095,49.4246210596669,49.12180717821566
1731092940716019000,1731092940526867165,False,True,36.5,37.75,50.59982183682,49.4246210596669,49.12180717821566
1731092943605755000,1731092943557154524,False,True,36.5,37.75,50.414109254329894,49.4246210596669,49.12180717821566
1731092946505378000,1731092946447524314,False,True,36.5,37.75,50.238699642974176,49.4246210596669,49.12180717821566
1731092949537361000,1731092949476858769,False,True,36.5,37.75,50.06537413807724,49.4246210596669,49.12180717821566
1731092952486034000,1731092952437086803,False,True,36.5,37.75,49.89465200048871,49.4246210596669,49.12180717821566
1731092955564835000,1731092955486943806,False,True,36.5,37.75,49.72696874554534,49.4246210596669,49.12180717821566
1731092958486434000,1731092958437021604,False,True,36.5,37.75,49.56268566801101,49.4246210596669,49.12180717821566
1731092961609409000,1731092961476870742,False,True,36.5,37.75,49.40209839858507,49.4246210596669,49.12180717821566
1731092964679031000,1731092964526785293,False,True,36.5,37.75,49.24544458574043,49.4246210596669,49.12180717821566
1731092967545532000,1731092967476670748,True,True,36.5,37.75,49.09291078779004,49.4246210596669,49.12180717821566
1731092970515304000,1731092970437686149,True,True,36.5,37.75,48.944638652045704,49.4246210596669,49.12180717821566
1731092973997020000,1731092973477315047,False,True,36.5,37.75,49.97650803097621,49.4246210596669,49.12180717821566
1731092976556821000,1731092976486997060,False,True,36.5,37.75,50.98614369621592,49.4246210596669,49.12180717821566
1731092979628882000,1731092979486844454,False,True,36.5,37.75,50.79994271513073,49.4246210596669,49.12180717821566
1731092982565860000,1731092982516903086,False,True,36.5,37.75,50.614489230892424,49.4246210596669,49.12180717821566
1731092985568274000,1731092985476966568,False,True,36.5,37.75,50.426523402925525,49.4246210596669,49.12180717821566
1731092988577077000,1731092988516949806,False,True,36.5,37.75,50.24509365571946,49.4246210596669,49.12180717821566
1731092991712257000,1731092991558762437,False,True,36.5,37.75,50.070355733921886,49.4246210596669,49.12180717821566
1731092994568527000,1731092994516675668,False,True,36.5,37.75,49.89437289814265,49.4246210596669,49.12180717821566
1731092997527762000,1731092997476979216,False,True,36.5,37.75,49.721943038980775,49.4246210596669,49.12180717821566
1731093000724681000,1731093000526993112,False,True,36.5,37.75,49.557398555525396,49.4246210596669,49.12180717821566
1731093003692425000,1731093003556825356,False,True,36.5,37.75,49.39661054811936,49.4246210596669,49.12180717821566
1731093006663001000,1731093006517151740,False,True,36.5,37.75,49.23980923089442,49.4246210596669,49.12180717821566
1731093009632360000,1731093009476726501,True,True,36.5,37.75,49.0871745055562,49.4246210596669,49.12180717821566
1731093012602177000,1731093012526708520,True,True,36.5,37.75,48.93884206424376,49.4246210596669,49.12180717821566
1731093015572751000,1731093015477140481,False,True,36.5,37.75,49.9626465836516,49.4246210596669,49.12180717821566
1731093018575315000,1731093018516783740,False,True,36.5,37.75,50.96898856349636,49.4246210596669,49.12180717821566
1731093021586312000,1731093021516922792,False,True,36.5,37.75,50.783835132910546,49.4246210596669,49.12180717821566
1731093024686802000,1731093024516767130,False,True,36.5,37.75,50.599359670659766,49.4246210596669,49.12180717821566
1731093027536115000,1731093027476982057,False,True,36.5,37.75,50.420347227869215,49.4246210596669,49.12180717821566
1731093030623044000,1731093030516807044,False,True,36.5,37.75,50.24307039192723,49.4246210596669,49.12180717821566
1731093033545984000,1731093033486796832,False,True,36.5,37.75,50.06811488811094,49.4246210596669,49.12180717821566
1731093036666039000,1731093036517208426,False,True,36.5,37.75,49.89597484066192,49.4246210596669,49.12180717821566
1731093039536066000,1731093039476903375,False,True,36.5,37.75,49.727063108539305,49.4246210596669,49.12180717821566
1731093042605421000,1731093042516713424,False,True,36.5,37.75,49.56172057368547,49.4246210596669,49.12180717821566
1731093045575628000,1731093045476878160,False,True,36.5,37.75,49.40022448306486,49.4246210596669,49.12180717821566
1731093048577286000,1731093048516943645,False,True,36.5,37.75,49.24279593617247,49.4246210596669,49.12180717821566
1731093051545680000,1731093051486671445,True,True,36.5,37.75,49.08960660103726,49.4246210596669,49.12180717821566
1731093054586242000,1731093054516973646,True,True,36.5,37.75,48.940784733883824,49.4246210596669,49.12180717821566
1731093057696094000,1731093057596954732,False,True,36.5,37.75,49.97219815081694,49.4246210596669,49.12180717821566
1731093060730049000,1731093060557124621,False,True,36.5,37.75,50.98146081097988,49.4246210596669,49.12180717821566
1731093063700007000,1731093063556744454,False,True,36.5,37.75,50.794960074623454,49.4246210596669,49.12180717821566
1731093066670014000,1731093066556936696,False,True,36.5,37.75,50.613291302382635,49.4246210596669,49.12180717821566
1731093069640779000,1731093069556849518,False,True,36.5,37.75,50.43282649487162,49.4246210596669,49.12180717821566
1731093072576440000,1731093072526968643,False,True,36.5,37.75,50.262409079881415,49.4246210596669,49.12180717821566
1731093075579449000,1731093075517000048,False,True,36.5,37.75,50.09370940356614,49.4246210596669,49.12180717821566
1731093078576049000,1731093078516948658,False,True,36.5,37.75,49.92727573339863,49.4246210596669,49.12180717821566
1731093081722754000,1731093081556913305,False,True,36.5,37.75,49.76357016035112,49.4246210596669,49.12180717821566
1731093084617159000,1731093084558993104,False,True,36.5,37.75,49.60297833547464,49.4246210596669,49.12180717821566
1731093087664022000,1731093087556682119,False,True,36.5,37.75,49.44173345515987,49.4246210596669,49.12180717821566
1731093090632025000,1731093090556957632,False,True,36.5,37.75,49.28862933750438,49.4246210596669,49.12180717821566
1731093093703812000,1731093093556924982,False,True,36.5,37.75,49.13530243670004,49.4246210596669,49.12180717821566
1731093096618246000,1731093096556899261,True,True,36.5,37.75,48.986365599620896,49.4246210596669,49.12180717821566
1731093099645379000,1731093099526870396,True,True,36.5,37.75,48.837821716240214,49.4246210596669,49.12180717821566
1731093102612599000,1731093102517712309,False,True,36.5,37.75,49.8699540148873,49.4246210596669,49.12180717821566
1731093105684718000,1731093105556793133,False,True,36.5,37.75,50.880312290139855,49.4246210596669,49.12180717821566
1731093108653303000,1731093108567874068,False,True,36.5,37.75,50.695226835182474,49.4246210596669,49.12180717821566
1731093111629998000,1731093111556659622,False,True,36.5,37.75,50.515242327657226,49.4246210596669,49.12180717821566
1731093114698956000,1731093114526843768,False,True,36.5,37.75,50.33668582452948,49.4246210596669,49.12180717821566
1731093117626479000,1731093117566911970,False,True,36.5,37.75,50.16019143873244,49.4246210596669,49.12180717821566
1731093120634672000,1731093120556734676,False,True,36.5,37.75,49.98629621397612,49.4246210596669,49.12180717821566
1731093123695671000,1731093123636837105,False,True,36.5,37.75,49.81545101502561,49.4246210596669,49.12180717821566
1731093126779586000,1731093126596903352,False,True,36.5,37.75,49.648030316870255,49.4246210596669,49.12180717821566
1731093129687441000,1731093129636866971,False,True,36.5,37.75,49.48434099910939,49.4246210596669,49.12180717821566
1731093132618311000,1731093132517772884,False,True,36.5,37.75,49.32463024184375,49.4246210596669,49.12180717821566
1731093135689448000,1731093135556957933,False,True,36.5,37.75,49.16909261026146,49.4246210596669,49.12180717821566
1731093138656806000,1731093138517636554,True,True,36.5,37.75,49.01385648035804,49.4246210596669,49.12180717821566
1731093141729179000,1731093141596907792,True,True,36.5,37.75,48.86340986045496,49.4246210596669,49.12180717821566
1731093144701480000,1731093144597044491,False,True,36.5,37.75,49.89356991162186,49.4246210596669,49.12180717821566
1731093147669628000,1731093147556972134,False,True,36.5,37.75,50.90592512331283,49.4246210596669,49.12180717821566
1731093150638589000,1731093150556733501,False,True,36.5,37.75,50.722441927105635,49.4246210596669,49.12180717821566
1731093153710243000,1731093153636727929,False,True,36.5,37.75,50.5396920591767,49.4246210596669,49.12180717821566
1731093156681835000,1731093156597001499,False,True,36.5,37.75,50.35426787298826,49.378362520174356,49.074895296799106
1731093159650572000,1731093159557908197,False,True,36.5,37.75,50.175365482419636,49.4246210596669,49.12180717821566
1731093162617694000,1731093162567637568,False,True,36.5,37.75,50.00313083900651,49.4246210596669,49.12180717821566
1731093165693718000,1731093165566665976,False,True,36.5,37.75,49.83363879970333,49.4246210596669,49.12180717821566
1731093168660052000,1731093168597298866,False,True,36.5,37.75,49.671384711692646,49.4246210596669,49.12180717821566
1731093171630009000,1731093171557189603,False,True,36.5,37.75,49.50817215386449,49.4246210596669,49.12180717821566
1731093174705576000,1731093174596847589,False,True,36.5,37.75,49.34876146848148,49.4246210596669,49.12180717821566
1731093177672077000,1731093177596868644,False,True,36.5,37.75,49.19337019681178,49.4246210596669,49.12180717821566
1731093180847497000,1731093180676849337,True,True,36.5,37.75,49.04216716351003,49.4246210596669,49.12180717821566
1731093183713578000,1731093183597343511,True,True,36.5,37.75,48.887238557908006,49.4246210596669,49.12180717821566
1731093186681996000,1731093186597088510,False,True,36.5,37.75,49.91321108959076,49.4246210596669,49.12180717821566
1731093189651238000,1731093189566730171,False,True,36.5,37.75,50.92151494317822,49.378362520174356,49.074895296799106
1731093192725478000,1731093192606725710,False,True,36.5,37.75,50.73425380132534,49.4246210596669,49.12180717821566
1731093195694533000,1731093195567004126,False,True,36.5,37.75,50.547979269574654,49.4246210596669,49.12180717821566
1731093198664924000,1731093198596709627,False,True,36.5,37.75,50.3632850952148,49.378362520174356,49.074895296799106